month,cocoa_usd,chf_per_usd,cocoa_chf,sugar_usd,lik_choc,lik_food,lik_total
2000-01-01,0.92,1.5854,1.458568,0.12,75.2124,89.8844,86.5697
2000-02-01,0.86,1.6316,1.403176,0.12,74.8049,90.8551,86.8951
2000-03-01,0.93,1.6616,1.545288,0.11,74.7678,90.5547,86.8654
2000-04-01,0.91,1.6605,1.511055,0.13,74.7234,91.2411,86.9413
2000-05-01,0.92,1.7164,1.579088,0.15,74.3673,91.3686,86.8986
2000-06-01,0.95,1.6419,1.559805,0.18,74.1996,91.812,87.222
2000-07-01,0.97,1.6488,1.599336,0.21,71.601,90.9929,87.2867
2000-08-01,0.89,1.7154,1.526706,0.23,74.4272,91.2419,87.0608
2000-09-01,0.88,1.7552,1.544576,0.22,74.44,90.9991,87.4972
2000-10-01,0.88,1.7685,1.55628,0.24,73.8894,90.6107,87.4034
2000-11-01,0.88,1.7767,1.563496,0.22,74.0921,90.7374,87.8201
2000-12-01,0.89,1.6874,1.501786,0.22,74.0472,90.2667,87.7542
2001-01-01,1,1.6291,1.6291,0.23,74.598,91.1659,87.6912
2001-02-01,0.89,1.6661,1.482829,0.22,74.174,91.3352,87.5726
2001-03-01,1.12,1.6878,1.890336,0.2,74.213,91.5659,87.7131
2001-04-01,1.08,1.712,1.84896,0.19,75.9272,92.1931,87.9555
2001-05-01,1.08,1.7519,1.892052,0.21,72.3303,92.5697,88.433
2001-06-01,0.97,1.7827,1.729219,0.2,75.0924,94.0967,88.6005
2001-07-01,0.97,1.7602,1.707394,0.19,75.169,93.7685,88.4664
2001-08-01,1.03,1.6799,1.730297,0.18,75.1034,93.2288,87.9757
2001-09-01,1.02,1.6386,1.671372,0.17,75.189,93.4194,88.0878
2001-10-01,1.08,1.6329,1.763532,0.15,75.1505,94.0263,87.9543
2001-11-01,1.23,1.6509,2.030607,0.17,75.211,93.0033,88.0721
2001-12-01,1.34,1.6498,2.210732,0.17,74.8104,93.8138,88.0395
2002-01-01,1.39,1.6681,2.318659,0.17,75.2437,95.3978,88.1485
2002-02-01,1.49,1.6979,2.529871,0.14,72.7232,95.2752,88.1457
2002-03-01,1.59,1.6753,2.663727,0.15,75.4825,95.2116,88.1599
2002-04-01,1.57,1.6549,2.598193,0.15,75.5476,95.569,88.9207
2002-05-01,1.6,1.5876,2.54016,0.13,75.8062,95.2652,89.006
2002-06-01,1.66,1.5408,2.557728,0.13,72.9998,95.1796,88.8893
2002-07-01,1.87,1.474,2.75638,0.14,76.1165,95.0158,88.4208
2002-08-01,1.96,1.4977,2.935492,0.14,74.4256,94.8026,88.3915
2002-09-01,2.16,1.4938,3.226608,0.15,77.5717,95.0119,88.5255
2002-10-01,2.2,1.4929,3.28438,0.17,77.6268,94.8252,89.0424
2002-11-01,1.81,1.4651,2.651831,0.17,77.7113,94.4024,88.8784
2002-12-01,2.03,1.441,2.92523,0.18,77.7823,94.4562,88.8239
2003-01-01,2.18,1.3759,2.999462,0.18,74.0858,94.764,88.8948
2003-02-01,2.28,1.3616,3.104448,0.2,77.9355,95.5161,88.9824
2003-03-01,1.95,1.3592,2.65044,0.18,78.2736,96.4046,89.3405
2003-04-01,1.92,1.3773,2.644416,0.17,79.2144,96.3641,89.518
2003-05-01,1.74,1.3097,2.278878,0.16,79.2017,96.2604,89.3746
2003-06-01,1.57,1.3189,2.070673,0.15,79.2374,96.7902,89.3764
2003-07-01,1.56,1.3601,2.121756,0.15,76.1671,95.9826,88.6599
2003-08-01,1.55,1.3816,2.14148,0.15,79.2809,96.3521,88.8663
2003-09-01,1.64,1.3788,2.261232,0.13,78.8561,96.7516,88.995
2003-10-01,1.48,1.3224,1.957152,0.13,79.3638,96.8054,89.4464
2003-11-01,1.51,1.3318,2.011018,0.13,78.9429,96.6064,89.334
2003-12-01,1.63,1.2664,2.064232,0.14,77.9124,96.6892,89.3513
2004-01-01,1.63,1.2417,2.023971,0.13,79.551,97.2089,89.0481
2004-02-01,1.57,1.2436,1.952452,0.13,79.5795,96.8793,89.0631
2004-03-01,1.5,1.2767,1.91505,0.14,79.3517,97.1188,89.2538
2004-04-01,1.44,1.2965,1.86696,0.15,79.5919,97.4637,90.0067
2004-05-01,1.42,1.2828,1.821576,0.14,79.5841,97.216,90.2147
2004-06-01,1.4,1.251,1.7514,0.15,79.6401,97.8958,90.3703
2004-07-01,1.56,1.2438,1.940328,0.17,79.5236,96.9689,89.4245
2004-08-01,1.73,1.2629,2.184817,0.17,79.6432,96.1534,89.7559
2004-09-01,1.55,1.2631,1.957805,0.17,75.1011,96.4464,89.7611
2004-10-01,1.48,1.235,1.8278,0.19,79.5609,96.4536,90.6027
2004-11-01,1.66,1.1732,1.947512,0.18,79.3002,96.1739,90.6896
2004-12-01,1.66,1.1453,1.901198,0.18,79.0646,96.3613,90.5413
2005-01-01,1.55,1.1777,1.825435,0.19,78.5672,96.6385,90.1211
2005-02-01,1.63,1.1907,1.940841,0.2,74.9089,97.2742,90.3191
2005-03-01,1.76,1.1727,2.063952,0.2,77.6198,97.2297,90.5401
2005-04-01,1.59,1.1949,1.899891,0.19,78.1123,97.093,91.2812
2005-05-01,1.51,1.2173,1.838123,0.19,78.082,96.8254,91.1906
2005-06-01,1.54,1.2643,1.947022,0.2,76.5079,97.1613,90.9856
2005-07-01,1.49,1.2937,1.927613,0.21,76.412,96.0911,90.4879
2005-08-01,1.48,1.2623,1.868204,0.22,76.4267,95.6472,90.6182
2005-09-01,1.5,1.2638,1.8957,0.23,75.9308,95.6251,91.0147
2005-10-01,1.46,1.288,1.88048,0.25,75.8489,95.1432,91.8106
2005-11-01,1.44,1.3098,1.886112,0.25,75.6855,94.9541,91.5525
2005-12-01,1.51,1.3047,1.970097,0.29,75.9959,94.9054,91.4525
2006-01-01,1.57,1.2779,2.006303,0.35,74.3233,95.808,91.2844
2006-02-01,1.55,1.3041,2.021355,0.4,73.2565,96.5457,91.5687
2006-03-01,1.55,1.3047,2.022285,0.38,73.5136,95.9212,91.4716
2006-04-01,1.55,1.2834,1.98927,0.39,73.8037,95.9031,92.248
2006-05-01,1.6,1.2188,1.95008,0.37,73.9099,95.993,92.4325
2006-06-01,1.61,1.2324,1.984164,0.34,73.2742,96.4932,92.4069
2006-07-01,1.68,1.2363,2.076984,0.35,72.2479,96.1999,91.7771
2006-08-01,1.62,1.2305,1.99341,0.3,72.5685,96.4548,91.9341
2006-09-01,1.57,1.2433,1.951981,0.27,73.6907,97.6608,91.7373
2006-10-01,1.53,1.26,1.9278,0.26,73.584,96.1474,92.0481
2006-11-01,1.58,1.2358,1.952564,0.26,73.7571,95.7089,92.0082
2006-12-01,1.71,1.2078,2.065338,0.26,74.0022,95.595,92.0204
2007-01-01,1.7,1.2439,2.11463,0.24,74,96.6446,91.3776
2007-02-01,1.82,1.2402,2.257164,0.23,72.5978,96.4984,91.5583
2007-03-01,1.92,1.218,2.33856,0.23,74.1615,95.9309,91.6296
2007-04-01,1.98,1.2116,2.398968,0.21,74.1351,96.7128,92.6667
2007-05-01,2,1.221,2.442,0.21,73.7551,96.2672,92.8835
2007-06-01,2.02,1.2332,2.491064,0.2,74.0243,96.8082,92.9899
2007-07-01,2.16,1.2076,2.608416,0.22,73.9002,96.5363,92.4381
2007-08-01,1.91,1.2027,2.297157,0.22,74.2292,96.6419,92.3348
2007-09-01,1.93,1.1861,2.289173,0.22,70.8115,96.8269,92.4227
2007-10-01,1.91,1.1742,2.242722,0.22,73.5696,97.2629,93.2119
2007-11-01,1.97,1.1234,2.213098,0.22,73.6543,97.184,93.6368
2007-12-01,2.11,1.1391,2.403501,0.24,73.6231,97.6305,93.8645
2008-01-01,2.2,1.1008,2.42176,0.26,73.8922,98.5786,93.5947
2008-02-01,2.5,1.0908,2.727,0.3,74.6323,98.6144,93.7233
2008-03-01,2.73,1.012,2.76276,0.29,75.5181,98.8024,94.0403
2008-04-01,2.61,1.0125,2.642625,0.28,76.0585,98.918,94.7833
2008-05-01,2.68,1.0435,2.79658,0.27,76.8439,99.6282,95.5359
2008-06-01,3,1.0373,3.1119,0.27,76.4295,100.2424,95.6975
2008-07-01,2.97,1.0261,3.047517,0.31,76.7146,100.2965,95.2804
2008-08-01,2.82,1.0839,3.056598,0.32,74.9627,100.042,95.0323
2008-09-01,2.7,1.1097,2.99619,0.3,80.2149,100.8686,95.1281
2008-10-01,2.27,1.1421,2.592567,0.26,81.315,101.1242,95.6336
2008-11-01,2.05,1.1894,2.43827,0.27,82.7144,100.5779,94.9966
2008-12-01,2.39,1.1463,2.739657,0.26,83.2013,100.8239,94.5224
2009-01-01,2.63,1.1287,2.968481,0.28,78.9772,100.6176,93.7249
2009-02-01,2.65,1.1651,3.087515,0.29,81.1573,100.951,93.9458
2009-03-01,2.51,1.1553,2.899803,0.3,81.6555,100.6732,93.6414
2009-04-01,2.56,1.1482,2.939392,0.3,82.2248,100.2776,94.4669
2009-05-01,2.48,1.1086,2.749328,0.35,82.0464,100.0638,94.6176
2009-06-01,2.7,1.081,2.9187,0.36,82.0638,100.372,94.7874
2009-07-01,2.79,1.0796,3.012084,0.41,81.1093,100.022,94.1583
2009-08-01,2.96,1.0689,3.163944,0.49,82.1238,99.0535,94.2625
2009-09-01,3.14,1.0406,3.267484,0.51,82.3278,99.3495,94.2505
2009-10-01,3.37,1.0216,3.442792,0.5,80.7592,98.0634,94.8363
2009-11-01,3.38,1.0123,3.421574,0.49,81.259,97.9936,95.0194
2009-12-01,3.5,1.0283,3.59905,0.52,82.0443,98.0391,94.7896
2010-01-01,3.53,1.0337,3.648961,0.58,82.2126,98.6687,94.6843
2010-02-01,3.28,1.0715,3.51452,0.56,82.2088,99.1771,94.8221
2010-03-01,3.09,1.0668,3.296412,0.41,82.0791,99.5653,94.9521
2010-04-01,3.22,1.0684,3.440248,0.36,81.4888,99.5677,95.7637
2010-05-01,3.18,1.1284,3.588312,0.34,80.3688,98.7145,95.6647
2010-06-01,3.23,1.1282,3.644086,0.35,80.6329,98.7985,95.2483
2010-07-01,3.23,1.0549,3.407327,0.38,75.1772,98.3351,94.5523
2010-08-01,3.07,1.0398,3.192186,0.41,79.7892,98.5484,94.5392
2010-09-01,2.88,1.0023,2.886624,0.5,79.1889,98.4,94.5173
2010-10-01,2.93,0.9685,2.837705,0.54,80.9758,97.4146,95.0203
2010-11-01,2.91,0.9831,2.860821,0.58,80.3238,97.3917,95.2484
2010-12-01,3.06,0.9683,2.962998,0.62,80.2629,96.8918,95.2822
2011-01-01,3.16,0.9569,3.023804,0.65,79.9165,95.9158,94.9481
2011-02-01,3.47,0.9499,3.296153,0.65,79.7317,96.0241,95.3059
2011-03-01,3.39,0.9197,3.117783,0.58,80.3547,96.2034,95.9057
2011-04-01,3.13,0.8987,2.812931,0.54,80.8783,95.5204,96.0115
2011-05-01,3.07,0.8735,2.681645,0.48,79.5254,96.1177,96.0178
2011-06-01,3.02,0.8403,2.537706,0.56,81.3229,96.5416,95.7857
2011-07-01,3.17,0.8244,2.613348,0.62,80.7696,95.6366,94.9987
2011-08-01,3.06,0.7812,2.390472,0.61,77.7742,95.1334,94.7209
2011-09-01,2.87,0.8723,2.503501,0.59,72.1127,94.1344,94.9764
2011-10-01,2.68,0.8975,2.4053,0.56,74.4852,93.7061,94.9134
2011-11-01,2.53,0.9082,2.297746,0.53,75.1041,92.6344,94.7477
2011-12-01,2.2,0.9316,2.04952,0.51,76.2562,92.9434,94.6012
2012-01-01,2.31,0.9378,2.166318,0.52,76.9837,93.217,94.1984
2012-02-01,2.36,0.9119,2.152084,0.53,76.5153,93.7782,94.4639
2012-03-01,2.36,0.9133,2.155388,0.53,76.8112,93.9961,94.9905
2012-04-01,2.27,0.9136,2.073872,0.5,77.6125,93.5957,95.0615
2012-05-01,2.31,0.9377,2.166087,0.46,76.209,94.4372,95.0446
2012-06-01,2.26,0.9584,2.165984,0.45,76.6166,94.7535,94.7764
2012-07-01,2.35,0.9766,2.29501,0.5,77.8206,94.86,94.3203
2012-08-01,2.51,0.9685,2.430935,0.46,77.3454,94.0355,94.2918
2012-09-01,2.62,0.9405,2.46411,0.44,76.6044,94.0245,94.5857
2012-10-01,2.46,0.9328,2.294688,0.45,77.8805,94.2086,94.7025
2012-11-01,2.48,0.9392,2.329216,0.43,76.42,93.4041,94.392
2012-12-01,2.41,0.9216,2.221056,0.43,77.4886,93.8946,94.1902
2013-01-01,2.28,0.9241,2.106948,0.42,76.8422,94.3765,93.9444
2013-02-01,2.2,0.9202,2.02444,0.4,78.7247,94.2333,94.2219
2013-03-01,2.15,0.946,2.0339,0.41,77.101,94.655,94.4266
2013-04-01,2.29,0.9377,2.147333,0.39,75.4647,94.5911,94.4584
2013-05-01,2.34,0.955,2.2347,0.39,74.5611,95.4902,94.5623
2013-06-01,2.28,0.9343,2.130204,0.38,75.1312,95.8692,94.6552
2013-07-01,2.31,0.9452,2.183412,0.37,75.5897,96.9111,94.3177
2013-08-01,2.48,0.9264,2.297472,0.38,75.2755,95.8208,94.2498
2013-09-01,2.62,0.9244,2.421928,0.38,74.0107,96.2705,94.5333
2013-10-01,2.73,0.9027,2.464371,0.41,75.587,95.2639,94.4608
2013-11-01,2.76,0.9128,2.519328,0.39,74.6979,95.3,94.4673
2013-12-01,2.82,0.8942,2.521644,0.36,74.5468,95.3706,94.2534
2014-01-01,2.82,0.9035,2.54787,0.34,75.6524,95.729,93.9955
2014-02-01,2.99,0.8942,2.673658,0.37,74.4891,95.5002,94.0889
2014-03-01,3.04,0.8811,2.678544,0.39,75.7272,95.9648,94.4293
2014-04-01,3.05,0.8826,2.69193,0.39,76.3414,95.5932,94.4943
2014-05-01,3.03,0.888,2.69064,0.4,75.6283,96.6311,94.7711
2014-06-01,3.17,0.896,2.84032,0.4,75.6763,97.2046,94.7022
2014-07-01,3.2,0.8969,2.87008,0.4,77.4331,97.3037,94.3477
2014-08-01,3.27,0.9098,2.975046,0.38,78.9498,97.4192,94.3173
2014-09-01,3.21,0.9354,3.002634,0.35,76.0962,97.6334,94.4505
2014-10-01,3.1,0.9526,2.95306,0.37,77.0653,96.1564,94.4488
2014-11-01,2.91,0.9646,2.806986,0.36,76.3543,95.9876,94.412
2014-12-01,2.95,0.9759,2.878905,0.34,76.7945,95.5768,93.9439
2015-01-01,2.92,0.9422,2.751224,0.34,79.2084,95.9171,93.5394
2015-02-01,2.96,0.9353,2.768488,0.32,77.9292,95.3065,93.2989
2015-03-01,2.88,0.9798,2.821824,0.29,80.2224,95.0138,93.6033
2015-04-01,2.87,0.9621,2.761227,0.29,81.3595,95.0216,93.4335
2015-05-01,3.1,0.9316,2.88796,0.29,79.3209,95.5635,93.651
2015-06-01,3.24,0.9319,3.019356,0.27,82.0299,96.3802,93.7198
2015-07-01,3.33,0.953,3.17349,0.28,79.3905,95.77,93.1439
2015-08-01,3.15,0.9681,3.049515,0.25,80.4131,96.2886,92.9946
2015-09-01,3.28,0.9716,3.186848,0.26,79.0363,96.3156,93.0869
2015-10-01,3.2,0.9681,3.09792,0.31,79.2355,95.7088,93.1644
2015-11-01,3.36,1.0087,3.389232,0.32,79.8558,95.5308,93.0973
2015-12-01,3.35,0.9958,3.33593,0.32,77.7975,94.5186,92.7147
2016-01-01,2.95,1.0054,2.96593,0.31,79.7738,94.7482,92.3546
2016-02-01,2.92,0.993,2.89956,0.29,78.7896,95.0785,92.5259
2016-03-01,3.07,0.9833,3.018731,0.34,79.6928,95.1788,92.7976
2016-04-01,3.08,0.964,2.96912,0.34,78.2124,95.2381,93.1047
2016-05-01,3.1,0.9772,3.02932,0.38,79.7342,95.7763,93.239
2016-06-01,3.12,0.97,3.0264,0.43,81.9786,97.1326,93.3692
2016-07-01,3.05,0.9821,2.995405,0.43,80.715,97.3538,92.9549
2016-08-01,3.03,0.9703,2.940009,0.44,81.4948,97.5643,92.8615
2016-09-01,2.88,0.9743,2.805984,0.47,80.9375,97.0087,92.918
2016-10-01,2.71,0.9867,2.673957,0.49,80.9178,96.5978,92.9662
2016-11-01,2.48,0.9958,2.469584,0.45,81.8559,96.2801,92.7823
2016-12-01,2.3,1.0193,2.34439,0.41,80.8571,95.608,92.7085
2017-01-01,2.19,1.0086,2.208834,0.45,80.5585,95.7405,92.6768
2017-02-01,2.03,1.0017,2.033451,0.45,79.7911,97.1129,93.1237
2017-03-01,2.06,1.0021,2.064326,0.4,80.431,95.7032,93.3246
2017-04-01,1.96,1.0008,1.961568,0.36,82.0232,95.2015,93.5123
2017-05-01,1.98,0.9867,1.953666,0.35,80.2075,96.5776,93.686
2017-06-01,2,0.9682,1.9364,0.31,79.9403,96.6297,93.5534
2017-07-01,1.99,0.9607,1.911793,0.32,81.4711,97.3813,93.261
2017-08-01,1.99,0.9648,1.919952,0.32,81.0346,97.2175,93.2912
2017-09-01,2,0.9622,1.9244,0.32,79.8629,97.2529,93.5238
2017-10-01,2.1,0.9817,2.06157,0.32,79.7392,97.0609,93.5806
2017-11-01,2.13,0.9919,2.112747,0.33,79.2713,96.8355,93.5126
2017-12-01,1.92,0.9869,1.894848,0.32,80.3469,96.2167,93.486
2018-01-01,1.95,0.9616,1.87512,0.31,80.6953,96.6321,93.3628
2018-02-01,2.12,0.9341,1.980292,0.3,80.6718,96.5851,93.7086
2018-03-01,2.5,0.9471,2.36775,0.28,81.0426,96.6689,94.0669
2018-04-01,2.62,0.96756,2.5350072,0.27,79.6318,96.5715,94.2633
2018-05-01,2.66,0.99689,2.6517274,0.27,80.1286,98.1995,94.6221
2018-06-01,2.41,0.98954,2.3847914,0.28,80.4803,98.666,94.626
2018-07-01,2.36,0.99462,2.3473032,0.26,81.2617,98.8247,94.4084
2018-08-01,2.17,0.98857,2.1451969,0.24,80.9933,98.2777,94.393
2018-09-01,2.19,0.9679,2.119701,0.25,81.1807,98.8899,94.4493
2018-10-01,2.13,0.99346,2.1160698,0.29,81.1038,98.6888,94.6161
2018-11-01,2.19,1.00105,2.1922995,0.28,81.874,98.0751,94.3748
2018-12-01,2.21,0.99231,2.1930051,0.28,81.2558,97.7681,94.1325
2019-01-01,2.26,0.9892,2.235592,0.28,81.3072,97.7027,93.8857
2019-02-01,2.26,1.00153,2.2634578,0.29,80.8075,98.0443,94.2508
2019-03-01,2.2,1.00062,2.201364,0.28,80.5582,97.8293,94.7526
2019-04-01,2.33,1.00654,2.3452382,0.28,82.0679,97.8431,94.9308
2019-05-01,2.32,1.01077,2.3449864,0.27,80.9584,98.3977,95.2223
2019-06-01,2.41,0.9889,2.383249,0.28,81.0616,98.8489,95.1941
2019-07-01,2.42,0.98737,2.3894354,0.28,81.7296,98.761,94.7027
2019-08-01,2.19,0.97886,2.1437034,0.27,81.1865,98.7106,94.6931
2019-09-01,2.31,0.9905,2.288055,0.26,80.9428,98.4956,94.5893
2019-10-01,2.44,0.99361,2.4244084,0.28,81.0576,97.5277,94.3766
2019-11-01,2.52,0.99306,2.5025112,0.28,80.3001,96.6846,94.251
2019-12-01,2.44,0.98355,2.399862,0.3,80.6297,96.9276,94.2791
2020-01-01,2.6,0.97017,2.522442,0.31,79.9401,96.6269,94.0756
2020-02-01,2.72,0.97608,2.6549376,0.33,80.5171,96.771,94.1922
2020-03-01,2.34,0.95701,2.2394034,0.26,80.433,97.3527,94.2645
2020-04-01,2.27,0.97097,2.2041019,0.23,81.403,98.2203,93.9216
2020-05-01,2.32,0.97072,2.2520704,0.24,80.8456,98.8188,93.961
2020-06-01,2.23,0.95106,2.1208638,0.27,80.4452,99.8456,93.9806
2020-07-01,2.1,0.93462,1.962702,0.27,81.1219,99.2282,93.8316
2020-08-01,2.35,0.91007,2.1386645,0.29,81.7889,98.9018,93.8729
2020-09-01,2.46,0.91437,2.2493502,0.28,80.7656,98.9416,93.8327
2020-10-01,2.29,0.91277,2.0902433,0.3,80.2409,98.2669,93.8384
2020-11-01,2.36,0.91087,2.1496532,0.31,79.4893,97.2052,93.6056
2020-12-01,2.41,0.88887,2.1421767,0.31,80.3857,96.4702,93.5119
2021-01-01,2.39,0.88663,2.1190457,0.34,80.9756,96.2923,93.5636
2021-02-01,2.41,0.89725,2.1623725,0.36,80.495,96.2306,93.7174
2021-03-01,2.46,0.92945,2.286447,0.34,80.7022,95.9752,94.0334
2021-04-01,2.37,0.92125,2.1833625,0.36,79.7148,96.0981,94.2295
2021-05-01,2.41,0.90282,2.1757962,0.38,79.5382,96.665,94.4787
2021-06-01,2.37,0.9079,2.151723,0.38,79.4224,96.938,94.5487
2021-07-01,2.33,0.91801,2.1389633,0.39,80.428,97.2832,94.4685
2021-08-01,2.48,0.91421,2.2672408,0.43,80.0825,97.6989,94.7005
2021-09-01,2.56,0.92233,2.3611648,0.43,80.1745,97.2023,94.717
2021-10-01,2.57,0.92356,2.3735492,0.42,79.3612,96.2299,95.0037
2021-11-01,2.39,0.92184,2.2031976,0.43,79.3981,95.531,95.0404
2021-12-01,2.38,0.9209,2.191742,0.42,79.7438,95.1771,94.9436
2022-01-01,2.47,0.91868,2.2691396,0.4,80.2567,94.8068,95.1062
2022-02-01,2.55,0.92266,2.352783,0.39,78.9671,95.0728,95.7331
2022-03-01,2.46,0.92967,2.2869882,0.42,79.2319,95.6322,96.2772
2022-04-01,2.46,0.94391,2.3220186,0.43,79.8244,95.8543,96.6306
2022-05-01,2.37,0.98024,2.3231688,0.43,78.8704,97.5023,97.2587
2022-06-01,2.32,0.96962,2.2495184,0.42,79.3343,98.7,97.7491
2022-07-01,2.24,0.96954,2.1717696,0.4,78.3404,99.0971,97.712
2022-08-01,2.32,0.95717,2.2206344,0.39,80.0337,99.9235,97.9697
2022-09-01,2.3,0.97293,2.237739,0.39,79.1413,99.9849,97.7976
2022-10-01,2.31,0.99564,2.2999284,0.39,80.1146,100.2595,97.85
2022-11-01,2.41,0.96588,2.3277708,0.41,80.068,99.7505,97.8538
2022-12-01,2.51,0.93205,2.3394455,0.42,81.5849,99.0245,97.6404
2023-01-01,2.62,0.92411,2.4211682,0.42,81.7324,100.1576,98.2281
2023-02-01,2.65,0.92427,2.4493155,0.45,82.8554,101.2774,98.9611
2023-03-01,2.75,0.92552,2.54518,0.45,84.02,102.0201,99.1128
2023-04-01,2.88,0.89768,2.5853184,0.53,84.4419,101.0417,99.1095
2023-05-01,2.96,0.89699,2.6550904,0.56,83.8912,102.7207,99.3583
2023-06-01,3.17,0.90083,2.8556311,0.54,84.714,103.8282,99.4214
2023-07-01,3.39,0.87398,2.9627922,0.52,84.6456,104.3795,99.2804
2023-08-01,3.46,0.87859,3.0399214,0.53,85.1624,104.2377,99.4924
2023-09-01,3.61,0.89823,3.2426103,0.58,83.9553,103.7372,99.4159
2023-10-01,3.63,0.90385,3.2809755,0.57,84.5529,103.5422,99.5071
2023-11-01,4.03,0.8918,3.593954,0.57,82.8003,102.8942,99.2665
2023-12-01,4.21,0.86603,3.6459863,0.48,83.8844,102.2101,99.3147
2024-01-01,4.4,0.85893,3.779292,0.48,84.3914,102.3563,99.4841
2024-02-01,5.56,0.87667,4.8742852,0.5,84.5612,101.9803,100.1174
2024-03-01,7.09,0.8879,6.295211,0.48,85.6852,101.4622,100.1485
2024-04-01,9.74,0.90975,8.860965,0.45,85.49,101.8776,100.4651
2024-05-01,7.54,0.90912,6.8547648,0.42,86.2465,103.0218,100.7394
2024-06-01,8.27,0.89391,7.3926357,0.43,87.5774,103.4643,100.7418
2024-07-01,7.09,0.89244,6.3273996,0.43,87.6196,104.4413,100.5617
2024-08-01,6.88,0.85732,5.8983616,0.41,87.9424,103.9962,100.5474
2024-09-01,6.52,0.84719,5.5236788,0.45,89.4834,103.9136,100.2539
2024-10-01,6.66,0.86059,5.7315294,0.46,89.8978,103.0938,100.1269
2024-11-01,7.89,0.88034,6.9458826,0.45,90.3219,102.0008,99.9918
2024-12-01,10.32,0.89113,9.1964616,0.44,91.482,100.9645,99.9368
2025-01-01,10.75,0.90933,9.7752975,0.4,93.2518,101.1384,99.8836
2025-02-01,9.86,0.90396,8.9130456,0.42,94.2791,101.024,100.4425
2025-03-01,8.08,0.88351,7.1387608,0.42,95.1403,100.9435,100.4913
2025-04-01,8.15,0.83684,6.820246,0.4,96.6337,100.8224,100.4996
2025-05-01,8.99,0.82921,7.4545979,0.39,97.4579,102.3687,100.6389
2025-06-01,8.4,0.81376,6.835584,0.37,97.3673,103.1142,100.8203
2025-07-01,7.37,0.79786,5.8802282,0.37,99.5949,103.3811,100.7809
2025-08-01,7.6,0.80649,6.129324,0.37,100.7853,103.1846,100.7004
2025-09-01,7.03,0.79661,5.6001683,0.35,100.6182,102.8636,100.4789
2025-10-01,5.95,0.79772,4.746434,0.34,99.5487,102.3479,100.223
2025-11-01,5.61,0.80389,4.5098229,0.32,99.3238,101.3799,100.013
2025-12-01,5.78,0.79709,4.6071802,0.32,100,100,100
2026-01-01,4.97,0.79023,3.9274431,0.32,99.8779,100.6527,99.9416
2026-02-01,3.59,0.77275,2.7741725,0.31,98.5831,100.857,100.5738
2026-03-01,3.24,0.78678,2.5491672,0.33,99.9204,100.4782,100.8075
2026-04-01,3.4,0.78713,2.676242,0.32,98.4515,100.2171,101.1045
2026-05-01,4.16,0.78369,3.2601504,0.34,97.9337,101.2828,101.2587
2026-06-01,4.4,0.7992,3.51648,0.32,97.7121,101.8718,101.2752
2026-07-01,5.61,0.81002,4.5442122,0.34,98.3267,102.0632,101.1379
2026-08-01,5.95,0.80779,4.8063505,0.38,97.778,102.1011,101.5133
